<?xml version="1.0" encoding="UTF-8"?>
<!--

    GSC-18128-1, "Core Flight Executive Version 6.7"
    LEW-19710-1, "CCSDS electronic data sheet implementation"

    Copyright (c) 2006-2019 United States Government as represented by
    the Administrator of the National Aeronautics and Space Administration.
    All Rights Reserved.

    Licensed under the Apache License, Version 2.0 (the "License");
    you may not use this file except in compliance with the License.
    You may obtain a copy of the License at

      http://www.apache.org/licenses/LICENSE-2.0

    Unless required by applicable law or agreed to in writing, software
    distributed under the License is distributed on an "AS IS" BASIS,
    WITHOUT WARRANTIES OR CONDITIONS OF ANY KIND, either express or implied.
    See the License for the specific language governing permissions and
    limitations under the License.

    This document adheres to the Electronic Data Sheet (EDS) XML schema
    as prescribed in CCSDS book 876.0.

    Purpose:
      This describes all interface objects for the Executive Services (CFE_ES)
      core application

-->
<PackageFile xmlns="http://www.ccsds.org/schema/sois/seds">
  <Package name="my_app" shortDescription="Sample Application Package">

    <DataTypeSet>

      <StringDataType name="ExampleString" length="${my_app/STRING_VAL_LEN}" />

      <ContainerDataType name="DisplayParam_Payload" shortDescription="Example Command with a payload/argument">
        <EntryList>
          <Entry name="ValU32" type="BASE_TYPES/uint32" shortDescription="32 bit unsigned integer value" />
          <Entry name="ValI16" type="BASE_TYPES/int16" shortDescription="16 bit signed integer value" />
          <Entry name="ValStr" type="ExampleString" shortDescription="An example string" />
        </EntryList>
      </ContainerDataType>

      <ContainerDataType name="HkTlm_Payload" shortDescription="Sample App Housekeeping Content">
        <EntryList>
          <Entry name="CommandCounter" type="BASE_TYPES/uint8" />
          <Entry name="CommandErrorCounter" type="BASE_TYPES/uint8" />
        </EntryList>
      </ContainerDataType>

      <ContainerDataType name="SendHkCmd" baseType="CFE_HDR/CommandHeader">
      </ContainerDataType>

      <ContainerDataType name="CommandBase" baseType="CFE_HDR/CommandHeader">
      </ContainerDataType>

      <ContainerDataType name="HkTlm" baseType="CFE_HDR/TelemetryHeader">
        <EntryList>
          <Entry type="HkTlm_Payload" name="Payload" />
        </EntryList>
      </ContainerDataType>

      <ContainerDataType name="NoopCmd" baseType="CommandBase">
        <ConstraintSet>
          <ValueConstraint entry="Sec.FunctionCode" value="0" />
        </ConstraintSet>
      </ContainerDataType>

      <ContainerDataType name="ResetCountersCmd" baseType="CommandBase">
        <ConstraintSet>
          <ValueConstraint entry="Sec.FunctionCode" value="1" />
        </ConstraintSet>
      </ContainerDataType>

      <ContainerDataType name="ProcessCmd" baseType="CommandBase">
        <ConstraintSet>
          <ValueConstraint entry="Sec.FunctionCode" value="2" />
        </ConstraintSet>
      </ContainerDataType>

      <ContainerDataType name="DisplayParamCmd" baseType="CommandBase">
        <ConstraintSet>
          <ValueConstraint entry="Sec.FunctionCode" value="3" />
        </ConstraintSet>
        <EntryList>
          <Entry type="DisplayParam_Payload" name="Payload" />
        </EntryList>
      </ContainerDataType>

      <!-- Note the type name here must be "ExampleTable" to match the C table definition file,
           but the source code uses the type "ExampleTable" -->
      <ContainerDataType name="ExampleTable" shortDescription="Example ExampleTable structure">
        <EntryList>
          <Entry name="Int1" type="BASE_TYPES/uint16" />
          <Entry name="Int2" type="BASE_TYPES/uint16" />
        </EntryList>
      </ContainerDataType>

    </DataTypeSet>

    <ComponentSet>
      <Component name="Application">
        <RequiredInterfaceSet>
          <Interface name="CMD" shortDescription="Software bus telecommand interface" type="CFE_SB/Telecommand">
            <GenericTypeMapSet>
              <GenericTypeMap name="TelecommandDataType" type="CommandBase" />
            </GenericTypeMapSet>
          </Interface>
          <Interface name="SEND_HK" shortDescription="Send telemetry command interface" type="CFE_SB/Telecommand">
            <!-- This uses a bare spacepacket with no payload -->
            <GenericTypeMapSet>
              <GenericTypeMap name="TelecommandDataType" type="SendHkCmd" />
            </GenericTypeMapSet>
          </Interface>
          <Interface name="HK_TLM" shortDescription="Software bus housekeeping telemetry interface" type="CFE_SB/Telemetry">
            <GenericTypeMapSet>
              <GenericTypeMap name="TelemetryDataType" type="HkTlm" />
            </GenericTypeMapSet>
          </Interface>
        </RequiredInterfaceSet>
        <Implementation>
          <VariableSet>
            <Variable type="BASE_TYPES/uint16" readOnly="true" name="CmdTopicId" initialValue="${CFE_MISSION/my_app_CMD_TOPICID}" />
            <Variable type="BASE_TYPES/uint16" readOnly="true" name="SendHkTopicId" initialValue="${CFE_MISSION/my_app_SEND_HK_TOPICID}" />
            <Variable type="BASE_TYPES/uint16" readOnly="true" name="HkTlmTopicId" initialValue="${CFE_MISSION/my_app_HK_TLM_TOPICID}" />
          </VariableSet>
          <!-- Assign fixed numbers to the "TopicId" parameter of each interface -->
          <ParameterMapSet>
            <ParameterMap interface="CMD" parameter="TopicId" variableRef="CmdTopicId" />
            <ParameterMap interface="SEND_HK" parameter="TopicId" variableRef="SendHkTopicId" />
            <ParameterMap interface="HK_TLM" parameter="TopicId" variableRef="HkTlmTopicId" />
          </ParameterMapSet>
        </Implementation>
      </Component>
    </ComponentSet>

  </Package>
</PackageFile>
